lane_id,supplier_id,region,annual_units,unit_cost_usd,inbound_freight_usd,lead_time_days,on_time_rate,fill_rate,defect_rate,demand_cv,expedite_rate,carbon_kg_per_unit
LANE-001,SUP-001,North,5638,13.68,1.53,10.35,0.9660,0.9705,0.0045,0.1969,0.0275,1.061
LANE-002,SUP-002,North,4743,14.15,1.46,9.50,0.9990,0.9604,0.0063,0.1621,0.0234,1.035
LANE-003,SUP-003,North,5725,14.22,1.48,8.87,0.9962,0.9990,0.0058,0.2007,0.0221,1.139
LANE-004,SUP-004,North,6516,13.92,1.47,10.41,0.9509,0.9990,0.0056,0.2008,0.0282,1.091
LANE-005,SUP-005,North,6509,14.10,1.76,8.28,0.9488,0.9832,0.0057,0.1664,0.0294,1.031
LANE-006,SUP-006,North,6940,13.11,1.48,8.29,0.9615,0.9608,0.0059,0.1656,0.0230,1.099
LANE-007,SUP-007,North,4990,13.23,1.52,10.81,0.9662,0.9968,0.0057,0.1692,0.0282,1.119
LANE-008,SUP-008,North,5676,14.18,1.72,9.96,0.9990,0.9636,0.0051,0.2161,0.0245,1.156
LANE-009,SUP-009,North,5106,14.28,1.76,10.24,0.9503,0.9870,0.0057,0.1733,0.0203,1.096
LANE-010,SUP-010,North,7044,14.21,1.69,8.71,0.9542,0.9886,0.0069,0.1836,0.0209,1.081
LANE-011,SUP-011,North,6750,13.11,1.77,9.98,0.9660,0.9990,0.0057,0.1615,0.0232,1.163
LANE-012,SUP-012,North,6826,13.81,1.43,10.29,0.9654,0.9785,0.0046,0.1816,0.0292,1.149
LANE-013,SUP-013,North,6427,13.24,1.45,8.24,0.9761,0.9929,0.0053,0.1801,0.0220,1.125
LANE-014,SUP-014,North,4821,14.21,1.63,9.85,0.9566,0.9673,0.0064,0.1749,0.0290,1.058
LANE-015,SUP-015,North,5070,13.22,1.67,8.94,0.9922,0.9881,0.0045,0.2194,0.0305,0.942
LANE-016,SUP-016,North,6590,14.43,1.57,10.66,0.9543,0.9907,0.0057,0.1704,0.0265,1.106
LANE-017,SUP-017,North,6117,14.49,1.79,10.63,0.9881,0.9958,0.0049,0.1642,0.0282,1.153
LANE-018,SUP-018,North,5800,13.87,1.56,9.80,0.9990,0.9871,0.0070,0.1862,0.0228,1.020
LANE-019,SUP-019,North,5197,13.10,1.62,9.30,0.9790,0.9677,0.0046,0.1694,0.0229,1.099
LANE-020,SUP-020,North,5685,13.87,1.47,8.45,0.9933,0.9730,0.0053,0.1820,0.0258,1.050
LANE-021,SUP-021,Central,4642,10.21,0.99,18.71,0.9491,0.9401,0.0112,0.2973,0.0442,0.730
LANE-022,SUP-022,Central,4519,9.59,1.17,17.18,0.9025,0.9303,0.0127,0.2411,0.0482,0.758
LANE-023,SUP-023,Central,4433,10.16,1.16,17.69,0.9102,0.9367,0.0106,0.2715,0.0648,0.691
LANE-024,SUP-024,Central,3494,9.34,1.10,18.11,0.9358,0.9326,0.0103,0.2999,0.0477,0.777
LANE-025,SUP-025,Central,3981,9.99,1.06,15.89,0.9370,0.9624,0.0099,0.3351,0.0471,0.766
LANE-026,SUP-026,Central,3492,9.61,1.17,18.65,0.9350,0.9305,0.0112,0.2458,0.0520,0.686
LANE-027,SUP-027,Central,5024,9.45,1.15,19.22,0.9174,0.9506,0.0098,0.2845,0.0533,0.778
LANE-028,SUP-028,Central,3282,10.08,1.16,19.03,0.9293,0.9273,0.0150,0.3366,0.0655,0.860
LANE-029,SUP-001,Central,4328,10.10,1.15,17.77,0.9379,0.9466,0.0131,0.2492,0.0466,0.714
LANE-030,SUP-002,Central,3300,9.20,1.04,18.83,0.9495,0.9288,0.0149,0.2776,0.0664,0.743
LANE-031,SUP-003,Central,4312,9.73,0.98,15.72,0.9396,0.9350,0.0125,0.2487,0.0427,0.865
LANE-032,SUP-004,Central,3543,10.10,1.21,15.39,0.9032,0.9310,0.0140,0.3205,0.0664,0.817
LANE-033,SUP-005,Central,4952,10.22,1.11,18.44,0.9334,0.9232,0.0149,0.2424,0.0654,0.843
LANE-034,SUP-006,Central,3858,10.19,0.97,16.40,0.9254,0.9684,0.0091,0.3312,0.0649,0.756
LANE-035,SUP-007,Central,4006,9.31,1.02,18.83,0.9318,0.9472,0.0142,0.3340,0.0448,0.827
LANE-036,SUP-008,Central,3467,9.29,1.12,17.57,0.9403,0.9342,0.0097,0.2439,0.0578,0.694
LANE-037,SUP-009,Central,4074,9.33,1.10,14.88,0.9299,0.9582,0.0132,0.3258,0.0579,0.829
LANE-038,SUP-010,Central,4446,9.46,1.04,19.21,0.9519,0.9228,0.0141,0.2521,0.0538,0.753
LANE-039,SUP-011,Central,4343,9.12,1.02,16.94,0.9368,0.9433,0.0141,0.2528,0.0584,0.687
LANE-040,SUP-012,Central,4948,9.84,1.03,17.18,0.9314,0.9399,0.0142,0.2490,0.0619,0.715
LANE-041,SUP-013,West,5092,10.63,1.77,12.34,0.8688,0.8831,0.0193,0.6586,0.1685,1.116
LANE-042,SUP-014,West,5135,10.76,1.62,13.00,0.8773,0.9275,0.0197,0.7930,0.1825,1.090
LANE-043,SUP-015,West,4677,11.66,1.60,12.10,0.8820,0.9203,0.0187,0.6307,0.1889,1.085
LANE-044,SUP-016,West,6009,10.44,1.89,14.80,0.8472,0.8862,0.0201,0.6444,0.1204,1.076
LANE-045,SUP-017,West,5793,11.12,1.99,15.15,0.8612,0.9186,0.0235,0.6515,0.1488,1.193
LANE-046,SUP-018,West,5124,11.60,1.60,12.82,0.8477,0.8827,0.0158,0.7526,0.1752,1.205
LANE-047,SUP-019,West,4213,11.65,1.63,15.30,0.8928,0.9292,0.0189,0.7722,0.1466,1.195
LANE-048,SUP-020,West,6044,11.61,1.93,12.09,0.8904,0.9125,0.0145,0.7292,0.1648,1.284
LANE-049,SUP-021,West,4512,11.98,1.61,13.85,0.8595,0.8830,0.0183,0.6720,0.1680,1.025
LANE-050,SUP-022,West,5026,11.51,1.89,15.60,0.8615,0.9083,0.0215,0.7592,0.1343,1.073
LANE-051,SUP-023,West,4174,11.95,1.97,15.00,0.8740,0.8855,0.0159,0.5695,0.1735,1.092
LANE-052,SUP-024,West,5707,11.96,1.76,14.36,0.8696,0.9155,0.0226,0.5996,0.1881,1.190
LANE-053,SUP-025,West,4628,11.02,1.84,14.53,0.8964,0.9028,0.0222,0.6705,0.1343,1.248
LANE-054,SUP-026,West,5476,10.81,1.71,13.37,0.8729,0.8905,0.0223,0.7183,0.1629,1.164
LANE-055,SUP-027,West,4380,11.41,1.69,12.50,0.8529,0.8850,0.0207,0.7458,0.1583,1.277
LANE-056,SUP-028,West,4741,10.87,1.76,13.04,0.8936,0.9075,0.0148,0.6037,0.1711,1.069
LANE-057,SUP-001,West,4990,10.49,1.59,15.09,0.8582,0.9199,0.0214,0.7279,0.1175,1.194
LANE-058,SUP-002,West,5439,11.44,1.78,12.37,0.8622,0.9093,0.0163,0.7259,0.1487,1.156
LANE-059,SUP-003,West,4391,11.19,1.75,14.87,0.8645,0.8870,0.0197,0.5870,0.1651,1.015
LANE-060,SUP-004,West,5184,11.92,1.59,13.17,0.8748,0.8914,0.0146,0.6769,0.1320,1.215
LANE-061,SUP-005,International,3125,12.27,3.82,29.89,0.7652,0.7978,0.0507,0.4353,0.2718,1.740
LANE-062,SUP-006,International,2705,12.15,3.55,33.95,0.7563,0.8338,0.0368,0.3994,0.2526,1.944
LANE-063,SUP-007,International,2819,12.16,4.01,26.90,0.7374,0.8066,0.0416,0.4438,0.2592,1.787
LANE-064,SUP-008,International,2430,12.14,3.53,28.48,0.7559,0.8157,0.0448,0.4568,0.2488,1.992
LANE-065,SUP-009,International,3366,12.39,3.60,30.16,0.7433,0.8256,0.0513,0.5454,0.3269,1.989
LANE-066,SUP-010,International,2876,12.01,3.49,28.16,0.7685,0.8172,0.0533,0.4214,0.3047,1.904
LANE-067,SUP-011,International,2672,12.08,4.03,32.00,0.7798,0.8247,0.0366,0.4996,0.2089,1.874
LANE-068,SUP-012,International,2327,13.72,4.12,31.94,0.7572,0.8358,0.0489,0.4854,0.2300,1.850
LANE-069,SUP-013,International,3080,13.19,3.61,27.75,0.7427,0.8235,0.0361,0.4981,0.3258,2.121
LANE-070,SUP-014,International,2498,12.01,3.77,31.26,0.7737,0.7940,0.0500,0.4720,0.2478,2.023
LANE-071,SUP-015,International,2748,13.42,3.74,29.74,0.7583,0.8278,0.0485,0.4288,0.3419,1.788
LANE-072,SUP-016,International,3253,12.96,3.69,31.25,0.7673,0.8201,0.0338,0.3996,0.2679,2.042
LANE-073,SUP-017,International,3022,13.42,3.45,27.93,0.7326,0.8218,0.0369,0.5428,0.2593,2.120
LANE-074,SUP-018,International,3447,13.47,3.88,30.87,0.7765,0.8087,0.0535,0.4843,0.2996,2.060
LANE-075,SUP-019,International,3527,12.76,3.91,28.07,0.7371,0.8306,0.0541,0.4768,0.3393,2.114
LANE-076,SUP-020,International,3506,13.05,3.84,34.68,0.7719,0.7949,0.0339,0.5175,0.2547,1.838
LANE-077,SUP-021,International,3397,13.57,3.88,34.54,0.7800,0.8117,0.0399,0.5180,0.2271,1.815
LANE-078,SUP-022,International,2760,13.32,3.79,33.10,0.7401,0.7947,0.0412,0.4847,0.3359,1.926
LANE-079,SUP-023,International,2992,13.10,3.49,31.58,0.7394,0.8165,0.0336,0.5129,0.3203,1.926
LANE-080,SUP-024,International,2814,13.28,4.12,33.90,0.7462,0.8169,0.0541,0.5437,0.3080,1.722
